{
  "joint_angles": [
    4.25501012802124,
    -2.290149827996725,
    -0.9246463775634766,
    -4.4462648830809535,
    -1.4947322050677698,
    1.6641747951507568
  ],
  "end_xyzrpy": {
    "x": -0.5463124968960548,
    "y": -0.6614538701484043,
    "z": 0.5038198441468196,
    "rx": 1.4178522673033345,
    "ry": -2.5694473803713724,
    "rz": 0.05755036257260013
  },
  "end2base": [
    [
      -0.5170739419772981,
      -0.840737159182867,
      -0.16060998629344436,
      -0.5463124968960548
    ],
    [
      -0.8327029773276509,
      0.53752701907365,
      -0.13293026485891501,
      -0.6614538701484043
    ],
    [
      0.19809162041268524,
      0.06500563771641887,
      -0.9780255502732832,
      0.5038198441468196
    ],
    [
      0.0,
      0.0,
      0.0,
      1.0
    ]
  ],
  "timestamp": "2025-11-18T15:19:17.330268"
}