{
  "joint_angles": [
    4.711383819580078,
    -2.290542264977926,
    -0.9247869253158569,
    -4.446252246896261,
    -1.4947341124164026,
    1.664166808128357
  ],
  "end_xyzrpy": {
    "x": -0.1989017802927851,
    "y": -0.8346057181100576,
    "z": 0.5034373294676207,
    "rx": 1.9707260556058006,
    "ry": -2.191361687434313,
    "rz": 0.12480434116048611
  },
  "end2base": [
    [
      -0.09717491600778605,
      -0.991580861682715,
      -0.08558288639350856,
      -0.1989017802927851
    ],
    [
      -0.9754521528626267,
      0.11196080249489149,
      -0.18962562110739864,
      -0.8346057181100576
    ],
    [
      0.19761106541524073,
      0.0650551569767098,
      -0.9781194678443882,
      0.5034373294676207
    ],
    [
      0.0,
      0.0,
      0.0,
      1.0
    ]
  ],
  "timestamp": "2025-11-18T15:19:46.184284"
}