{
  "joint_angles": [
    5.016084671020508,
    -2.373913904229635,
    -1.2698639631271362,
    -4.12329949955129,
    -1.1875441710101526,
    1.6641430854797363
  ],
  "end_xyzrpy": {
    "x": 0.007146402816849036,
    "y": -0.8297112940152882,
    "z": 0.2779730576051047,
    "rx": 2.1293694561832996,
    "ry": -1.7583603720641783,
    "rz": -0.20467446370954923
  },
  "end2base": [
    [
      0.21066786629097578,
      -0.9162010776609497,
      -0.3408733421746589,
      0.007146402816849036
    ],
    [
      -0.9700005035941066,
      -0.15264419948343422,
      -0.1892056325568589,
      -0.8297112940152882
    ],
    [
      0.12131806600662223,
      0.3705068604722132,
      -0.9208727345314535,
      0.2779730576051047
    ],
    [
      0.0,
      0.0,
      0.0,
      1.0
    ]
  ],
  "timestamp": "2025-11-18T15:20:02.567759"
}