{
  "joint_angles": [
    4.659517288208008,
    -2.3731423817076625,
    -1.269652247428894,
    -4.123304744760031,
    -1.1875093618976038,
    1.664148211479187
  ],
  "end_xyzrpy": {
    "x": -0.28293642817313125,
    "y": -0.7800586926906714,
    "z": 0.27864604883421773,
    "rx": 1.7986491369573565,
    "ry": -2.1261387720181215,
    "rz": -0.2954799180180336
  },
  "end2base": [
    [
      -0.14117351581321136,
      -0.9118133480721505,
      -0.38557289415931795,
      -0.28293642817313125
    ],
    [
      -0.9823984072034643,
      0.1771540315028698,
      -0.05924372242168069,
      -0.7800586926906714
    ],
    [
      0.12232500953212219,
      0.3704225524988132,
      -0.9207734382806828,
      0.27864604883421773
    ],
    [
      0.0,
      0.0,
      0.0,
      1.0
    ]
  ],
  "timestamp": "2025-11-18T15:20:09.406069"
}