{
  "joint_angles": [
    3.821962356567383,
    -2.325359960595602,
    -1.297702431678772,
    -3.692681928674215,
    -2.3048318068133753,
    0.9427560567855835
  ],
  "end_xyzrpy": {
    "x": -0.709925854703644,
    "y": -0.4561261022595915,
    "z": 0.29129380855027637,
    "rx": 1.7079749434907212,
    "ry": -1.8007719636099793,
    "rz": 0.9529143911715492
  },
  "end2base": [
    [
      -0.1073535970038938,
      -0.9870010620884002,
      0.11959978531208099,
      -0.709925854703644
    ],
    [
      -0.6540498533082046,
      -0.020489978348624094,
      -0.756173888847525,
      -0.4561261022595915
    ],
    [
      0.7487950284275675,
      -0.15940220896726387,
      -0.6433482269957034,
      0.29129380855027637
    ],
    [
      0.0,
      0.0,
      0.0,
      1.0
    ]
  ],
  "timestamp": "2025-11-18T15:20:39.905183"
}