{
  "joint_angles": [
    4.1371002197265625,
    -2.3190165958800257,
    -1.0261343717575073,
    -4.219547172585958,
    -1.5244367758380335,
    1.5548069477081299
  ],
  "end_xyzrpy": {
    "x": -0.6287511013493975,
    "y": -0.6125318067928208,
    "z": 0.4149113201879464,
    "rx": 1.3722099937518395,
    "ry": -2.5073357672540544,
    "rz": 0.12515902978965576
  },
  "end2base": [
    [
      -0.5098092370080387,
      -0.8363460372250194,
      -0.2015436624637143,
      -0.6287511013493975
    ],
    [
      -0.8121175598187421,
      0.5451633020063248,
      -0.20799529605164652,
      -0.6125318067928208
    ],
    [
      0.28383025014140606,
      0.05763922417561289,
      -0.9571405899558854,
      0.4149113201879464
    ],
    [
      0.0,
      0.0,
      0.0,
      1.0
    ]
  ],
  "timestamp": "2025-11-18T15:21:56.229563"
}