{
  "joint_angles": [
    4.389793395996094,
    -2.1223164997496546,
    -1.5650386810302734,
    -3.5687266788878382,
    -1.3917859236346644,
    4.673539638519287
  ],
  "end_xyzrpy": {
    "x": -0.4394737449013024,
    "y": -0.6404655080085238,
    "z": 0.31073609609869735,
    "rx": 2.3086834671651664,
    "ry": 1.62882993522999,
    "rz": -0.8660750527049295
  },
  "end2base": [
    [
      0.22738465350700077,
      0.9080386038340325,
      -0.35179839865559615,
      -0.4394737449013024
    ],
    [
      0.7994170776881422,
      -0.38035379420765114,
      -0.46504121014421335,
      -0.6404655080085238
    ],
    [
      -0.5560832269094723,
      -0.1754904133535064,
      -0.812388182811003,
      0.31073609609869735
    ],
    [
      0.0,
      0.0,
      0.0,
      1.0
    ]
  ],
  "timestamp": "2025-11-18T15:48:40.528586"
}