{
  "joint_angles": [
    4.38978385925293,
    -2.1222764454283656,
    -1.7335515022277832,
    -3.6835628948607386,
    -1.3923452536212366,
    4.673576831817627
  ],
  "end_xyzrpy": {
    "x": -0.4059393953137926,
    "y": -0.5421590060335141,
    "z": 0.25737961654996466,
    "rx": 2.4803161130385627,
    "ry": 1.7990733403384456,
    "rz": -0.5604957578959693
  },
  "end2base": [
    [
      0.268212559305094,
      0.9244250089466938,
      -0.2711096196465865,
      -0.4059393953137926
    ],
    [
      0.9148308418051424,
      -0.332601335460864,
      -0.22904340752736013,
      -0.5421590060335141
    ],
    [
      -0.3019048756034027,
      -0.18658712303788577,
      -0.9349003645326806,
      0.25737961654996466
    ],
    [
      0.0,
      0.0,
      0.0,
      1.0
    ]
  ],
  "timestamp": "2025-11-18T15:49:07.869638"
}