{
  "joint_angles": [
    4.195071220397949,
    -1.964977880517477,
    -1.6103057861328125,
    -3.531062742272848,
    -1.4156959692584437,
    2.742967128753662
  ],
  "end_xyzrpy": {
    "x": -0.5353160989496089,
    "y": -0.5154592372360023,
    "z": 0.40472076704013005,
    "rx": -0.23380302276521467,
    "ry": -2.5451553842380155,
    "rz": 0.8057450478195666
  },
  "end2base": [
    [
      -0.8808604821368977,
      0.02309674256848268,
      -0.47281217358722616,
      -0.5353160989496089
    ],
    [
      0.29098431372183065,
      0.8142403165014741,
      -0.5023353821416675,
      -0.5154592372360023
    ],
    [
      0.3733804228630463,
      -0.580068312758338,
      -0.7239529075542881,
      0.40472076704013005
    ],
    [
      0.0,
      0.0,
      0.0,
      1.0
    ]
  ],
  "timestamp": "2025-11-18T15:52:09.638135"
}