{
  "joint_angles": [
    4.282983779907227,
    -1.9662095508971156,
    -1.110689640045166,
    -4.497147460977072,
    -1.8834613005267542,
    3.0272462368011475
  ],
  "end_xyzrpy": {
    "x": -0.4093226771255163,
    "y": -0.5503264748628535,
    "z": 0.6823838719759888,
    "rx": 0.3970685061871451,
    "ry": 2.852796321677397,
    "rz": -0.5101121348411913
  },
  "end2base": [
    [
      -0.940238050639819,
      0.29914303360492284,
      0.1626832922419418,
      -0.4093226771255163
    ],
    [
      0.2242297761682523,
      0.9034629016791239,
      -0.36534339020854595,
      -0.5503264748628535
    ],
    [
      -0.2562682493181091,
      -0.30703131881810103,
      -0.9165469729676974,
      0.6823838719759888
    ],
    [
      0.0,
      0.0,
      0.0,
      1.0
    ]
  ],
  "timestamp": "2025-11-18T15:52:15.886360"
}