{
  "joint_angles": [
    4.275637626647949,
    -1.9721127949156703,
    -1.1864972114562988,
    -4.394994159738058,
    -1.5072553793536585,
    4.65781831741333
  ],
  "end_xyzrpy": {
    "x": -0.465863353351103,
    "y": -0.5334524567165122,
    "z": 0.630791789818382,
    "rx": 2.511370854500637,
    "ry": 1.6692938600444909,
    "rz": -0.44539503076218223
  },
  "end2base": [
    [
      0.35892064819608627,
      0.9139910954073674,
      -0.18919895828080555,
      -0.465863353351103
    ],
    [
      0.8867568179100215,
      -0.3971744461386222,
      -0.23646311599184291,
      -0.5334524567165122
    ],
    [
      -0.2912701738740071,
      -0.08290197133071944,
      -0.9530419450165277,
      0.630791789818382
    ],
    [
      0.0,
      0.0,
      0.0,
      1.0
    ]
  ],
  "timestamp": "2025-11-18T15:52:23.965867"
}