{
  "joint_angles": [
    4.275691986083984,
    -1.9720803699889125,
    -1.29763662815094,
    -4.395815750161642,
    -1.6069286505328577,
    4.657834529876709
  ],
  "end_xyzrpy": {
    "x": -0.44301958819285897,
    "y": -0.5185079585685781,
    "z": 0.5842050696028178,
    "rx": 2.4973232182605134,
    "ry": 1.68357471493033,
    "rz": -0.2206938822066558
  },
  "end2base": [
    [
      0.3700558713439298,
      0.927511176528099,
      -0.05274153485960226,
      -0.44301958819285897
    ],
    [
      0.9097674010313472,
      -0.373301468997143,
      -0.18157447305511543,
      -0.5185079585685781
    ],
    [
      -0.18810084557107326,
      0.019210170744601074,
      -0.9819618328812024,
      0.5842050696028178
    ],
    [
      0.0,
      0.0,
      0.0,
      1.0
    ]
  ],
  "timestamp": "2025-11-18T15:52:28.491921"
}