{
  "joint_angles": [
    4.273497581481934,
    -1.9720803699889125,
    -1.2974462509155273,
    -4.395806213418478,
    -1.6996057669269007,
    4.657774448394775
  ],
  "end_xyzrpy": {
    "x": -0.432139695311169,
    "y": -0.5230962049143075,
    "z": 0.5852795430030684,
    "rx": 2.429745295146852,
    "ry": 1.649813715617101,
    "rz": -0.1460578112618696
  },
  "end2base": [
    [
      0.3718903248798726,
      0.9277663517735812,
      0.030776334698642147,
      -0.432139695311169
    ],
    [
      0.907929760037955,
      -0.3566353429318725,
      -0.22016989578343218,
      -0.5230962049143075
    ],
    [
      -0.19329029230192807,
      0.10982180424945417,
      -0.974975914683655,
      0.5852795430030684
    ],
    [
      0.0,
      0.0,
      0.0,
      1.0
    ]
  ],
  "timestamp": "2025-11-18T15:52:32.278019"
}