{
  "joint_angles": [
    4.274109840393066,
    -1.9720636806883753,
    -1.1306614875793457,
    -4.233959575692648,
    -1.7062199751483362,
    4.657837867736816
  ],
  "end_xyzrpy": {
    "x": -0.45790351024044557,
    "y": -0.5804134544760976,
    "z": 0.6456484764468694,
    "rx": 2.232314706453361,
    "ry": 1.5565732847519715,
    "rz": -0.5285201776510265
  },
  "end2base": [
    [
      0.32049801556570956,
      0.9425745602283601,
      -0.09399053371885838,
      -0.45790351024044557
    ],
    [
      0.8049349764529877,
      -0.3233107329032687,
      -0.4975438208561927,
      -0.5804134544760976
    ],
    [
      -0.4993602964804773,
      0.08380553919559769,
      -0.8623316797491931,
      0.6456484764468694
    ],
    [
      0.0,
      0.0,
      0.0,
      1.0
    ]
  ],
  "timestamp": "2025-11-18T15:52:38.358899"
}