{
  "joint_angles": [
    4.261772155761719,
    -1.9718004665770472,
    -1.283191204071045,
    -4.234570165673727,
    -1.4506171385394495,
    4.627840042114258
  ],
  "end_xyzrpy": {
    "x": -0.4840988306074322,
    "y": -0.5303469525566427,
    "z": 0.5766946846834132,
    "rx": 2.509291461133205,
    "ry": 1.6751953764173004,
    "rz": -0.57729921467743
  },
  "end2base": [
    [
      0.3353746517481778,
      0.9029692777333297,
      -0.26864535438852616,
      -0.4840988306074322
    ],
    [
      0.8767664670454541,
      -0.4034940011653294,
      -0.2616737535333364,
      -0.5303469525566427
    ],
    [
      -0.34468014916647044,
      -0.1477804942925208,
      -0.9270148436121386,
      0.5766946846834132
    ],
    [
      0.0,
      0.0,
      0.0,
      1.0
    ]
  ],
  "timestamp": "2025-11-18T15:52:46.523967"
}