{
  "joint_angles": [
    4.263535022735596,
    -2.0378743610777796,
    -2.1726560592651367,
    -2.8050266704955042,
    -1.7023146788226526,
    3.8996336460113525
  ],
  "end_xyzrpy": {
    "x": -0.39204241444676396,
    "y": -0.4261111663275966,
    "z": 0.1489596403103725,
    "rx": 1.4514413536237527,
    "ry": 2.237601180650772,
    "rz": -1.1473794553828243
  },
  "end2base": [
    [
      -0.4790258459159524,
      0.8528682438756863,
      -0.20772577484007518,
      -0.39204241444676396
    ],
    [
      0.6664245998988345,
      0.19932415756200295,
      -0.7184345014417646,
      -0.4261111663275966
    ],
    [
      -0.5713252065104295,
      -0.4825822611748194,
      -0.6638538013788983,
      0.1489596403103725
    ],
    [
      0.0,
      0.0,
      0.0,
      1.0
    ]
  ],
  "timestamp": "2025-11-18T15:52:55.292266"
}