{
  "joint_angles": [
    4.263715744018555,
    -2.0378815136351527,
    -2.1582565307617188,
    -2.8050109348692835,
    -1.702848259602682,
    2.8167502880096436
  ],
  "end_xyzrpy": {
    "x": -0.39599043885907265,
    "y": -0.43457801613122143,
    "z": 0.15283681306353541,
    "rx": -0.08902490487787311,
    "ry": -2.6816228335172188,
    "rz": 1.1909934824709676
  },
  "end2base": [
    [
      -0.9770295999420003,
      -0.02818112205692247,
      -0.21123206479317377,
      -0.39599043885907265
    ],
    [
      0.13782164436624197,
      0.6724553960675937,
      -0.7271925017791097,
      -0.43457801613122143
    ],
    [
      0.16253724244418524,
      -0.7396009496067377,
      -0.6531248580167899,
      0.15283681306353541
    ],
    [
      0.0,
      0.0,
      0.0,
      1.0
    ]
  ],
  "timestamp": "2025-11-18T15:52:59.891572"
}