{
  "joint_angles": [
    4.264636039733887,
    -2.0359097919859828,
    -1.8432281017303467,
    -2.8050748310484828,
    -1.7028034369098108,
    2.81673002243042
  ],
  "end_xyzrpy": {
    "x": -0.47730259600581726,
    "y": -0.6024519452116757,
    "z": 0.2706137778371773,
    "rx": -0.04383165638405766,
    "ry": -2.3797696878810646,
    "rz": 1.5124104248096448
  },
  "end2base": [
    [
      -0.9482742190176487,
      -0.1439359522238426,
      -0.28294601464569896,
      -0.47730259600581726
    ],
    [
      0.19505680870392705,
      0.4390175727592235,
      -0.8770498344945057,
      -0.6024519452116757
    ],
    [
      0.2504572756473806,
      -0.8868742934971201,
      -0.3882333584447326,
      0.2706137778371773
    ],
    [
      0.0,
      0.0,
      0.0,
      1.0
    ]
  ],
  "timestamp": "2025-11-18T15:53:03.281506"
}