{
  "joint_angles": [
    4.440703868865967,
    -2.125667234460348,
    -1.8171324729919434,
    -3.6828953228392542,
    -1.721006218587057,
    4.673851490020752
  ],
  "end_xyzrpy": {
    "x": -0.3207378866469248,
    "y": -0.5328653248607652,
    "z": 0.23070159856489367,
    "rx": 2.2536937919181,
    "ry": 1.8062388470761737,
    "rz": -0.14434820773308585
  },
  "end2base": [
    [
      0.22693151773855946,
      0.9707972580359978,
      0.077812402910219,
      -0.3207378866469248
    ],
    [
      0.9461176298070908,
      -0.20079964041592757,
      -0.25404907985868985,
      -0.5328653248607652
    ],
    [
      -0.23100544760911307,
      0.13127142948342774,
      -0.9640561679571843,
      0.23070159856489367
    ],
    [
      0.0,
      0.0,
      0.0,
      1.0
    ]
  ],
  "timestamp": "2025-11-18T15:49:15.089312"
}