{
  "joint_angles": [
    4.264463424682617,
    -2.036269804040426,
    -2.300551652908325,
    -2.805016656915182,
    -1.7027819792376917,
    2.816741943359375
  ],
  "end_xyzrpy": {
    "x": -0.35431183701465857,
    "y": -0.3503458003268411,
    "z": 0.12140519933279464,
    "rx": -0.10793218423437838,
    "ry": -2.8029154533091782,
    "rz": 1.0320753397162283
  },
  "end2base": [
    [
      -0.9857630348022686,
      0.014794267062633946,
      -0.16748841416498292,
      -0.35431183701465857
    ],
    [
      0.1198785031912408,
      0.7603179437087201,
      -0.6383931147397905,
      -0.3503458003268411
    ],
    [
      0.11789988842254709,
      -0.6493825945747416,
      -0.7512668381962083,
      0.12140519933279464
    ],
    [
      0.0,
      0.0,
      0.0,
      1.0
    ]
  ],
  "timestamp": "2025-11-18T15:53:07.871537"
}