{
  "joint_angles": [
    4.435550689697266,
    -1.8873588047423304,
    -1.4040242433547974,
    -4.036460538903707,
    -1.3746064344989222,
    4.673867225646973
  ],
  "end_xyzrpy": {
    "x": -0.38898044430795514,
    "y": -0.5795933998967675,
    "z": 0.5686616598220853,
    "rx": 2.321120555799673,
    "ry": 1.718004155448428,
    "rz": -0.8010879919590728
  },
  "end2base": [
    [
      0.20397942491953192,
      0.9219621550389836,
      -0.32920841253736266,
      -0.38898044430795514
    ],
    [
      0.8448285522055268,
      -0.335682283467301,
      -0.41663187821444014,
      -0.5795933998967675
    ],
    [
      -0.49462825595371174,
      -0.1931403356164939,
      -0.8473722317672072,
      0.5686616598220853
    ],
    [
      0.0,
      0.0,
      0.0,
      1.0
    ]
  ],
  "timestamp": "2025-11-18T15:49:23.762781"
}