{
  "joint_angles": [
    4.434542179107666,
    -1.8873464069762171,
    -1.44761061668396,
    -4.28020252803945,
    -1.326672379170553,
    6.0503249168396
  ],
  "end_xyzrpy": {
    "x": -0.38016491666082514,
    "y": -0.5235239380387756,
    "z": 0.5691202753263735,
    "rx": 2.9402767405546624,
    "ry": -0.11804529446171402,
    "rz": -0.4465354396937535
  },
  "end2base": [
    [
      0.9521648094684855,
      -0.05314685214432585,
      -0.3009278779325567,
      -0.38016491666082514
    ],
    [
      -0.1025089551532932,
      -0.9832510019889519,
      -0.15069632112663664,
      -0.5235239380387756
    ],
    [
      -0.2878786024059842,
      0.17433553623650985,
      -0.9416650312515092,
      0.5691202753263735
    ],
    [
      0.0,
      0.0,
      0.0,
      1.0
    ]
  ],
  "timestamp": "2025-11-18T15:49:34.276939"
}