{
  "joint_angles": [
    4.384896278381348,
    -1.916178365746969,
    -2.134261131286621,
    -3.3042952022948207,
    -1.4155619780169886,
    6.050322532653809
  ],
  "end_xyzrpy": {
    "x": -0.35346318637803853,
    "y": -0.3910786991399754,
    "z": 0.23231896754304288,
    "rx": 2.6731485438869127,
    "ry": -0.1852413474027012,
    "rz": -0.3954227279304126
  },
  "end2base": [
    [
      0.9504186049436906,
      -0.06750423064506422,
      -0.30355832095646174,
      -0.35346318637803853
    ],
    [
      -0.1900207984037302,
      -0.8987821788293308,
      -0.3950730200770609,
      -0.3910786991399754
    ],
    [
      -0.24616370884209796,
      0.4331671431027737,
      -0.8670465123540282,
      0.23231896754304288
    ],
    [
      0.0,
      0.0,
      0.0,
      1.0
    ]
  ],
  "timestamp": "2025-11-18T15:49:41.005773"
}