{
  "joint_angles": [
    4.118953704833984,
    -1.91953768352651,
    -1.2502319812774658,
    -4.343406339684957,
    -1.775200668965475,
    3.424849033355713
  ],
  "end_xyzrpy": {
    "x": -0.49763517392558515,
    "y": -0.4546174287990687,
    "z": 0.6363321050488947,
    "rx": 1.2130840182783749,
    "ry": 2.690667240012051,
    "rz": -0.5466642082761973
  },
  "end2base": [
    [
      -0.6651751489474125,
      0.7463783884797338,
      -0.02147841784636778,
      -0.49763517392558515
    ],
    [
      0.6955842529207453,
      0.6089357450097195,
      -0.3812608103885655,
      -0.4546174287990687
    ],
    [
      -0.27148585287538696,
      -0.26854526556961056,
      -0.9242179786331096,
      0.6363321050488947
    ],
    [
      0.0,
      0.0,
      0.0,
      1.0
    ]
  ],
  "timestamp": "2025-11-18T15:50:10.510820"
}