{
  "joint_angles": [
    4.11912727355957,
    -1.9571215114989222,
    -1.3599153757095337,
    -3.8513666592040003,
    -1.7754014174090784,
    3.850132465362549
  ],
  "end_xyzrpy": {
    "x": -0.5428388521292584,
    "y": -0.5206062232569986,
    "z": 0.5349257531079339,
    "rx": 1.592314471945058,
    "ry": 2.247662240777623,
    "rz": -0.9644809209618744
  },
  "end2base": [
    [
      -0.3872534808184974,
      0.9030680143734642,
      -0.1857495706846358,
      -0.5428388521292584
    ],
    [
      0.7568404110803788,
      0.196318803175221,
      -0.6234192166396001,
      -0.5206062232569986
    ],
    [
      -0.5265238206858652,
      -0.3820040430877897,
      -0.7595035071116796,
      0.5349257531079339
    ],
    [
      0.0,
      0.0,
      0.0,
      1.0
    ]
  ],
  "timestamp": "2025-11-18T15:51:34.664088"
}