{
  "joint_angles": [
    4.209259986877441,
    -1.9595748386778773,
    -1.3090898990631104,
    -3.766761919061178,
    -2.0235279242144983,
    3.6494359970092773
  ],
  "end_xyzrpy": {
    "x": -0.4755155884122537,
    "y": -0.6037225741717572,
    "z": 0.5661820139137111,
    "rx": 0.9957245869436634,
    "ry": 2.3043986951584863,
    "rz": -1.0814968334353572
  },
  "end2base": [
    [
      -0.6633301528783597,
      0.7460566190701026,
      0.05824628249132713,
      -0.4755155884122537
    ],
    [
      0.431922950645555,
      0.445264003671189,
      -0.7843357264209887,
      -0.6037225741717572
    ],
    [
      -0.6110938332105873,
      -0.49511563111700513,
      -0.6175960158838465,
      0.5661820139137111
    ],
    [
      0.0,
      0.0,
      0.0,
      1.0
    ]
  ],
  "timestamp": "2025-11-18T15:51:43.351500"
}