{
  "joint_angles": [
    4.196730613708496,
    -1.965111871758932,
    -1.6014677286148071,
    -3.528689523736471,
    -1.6315787474261683,
    2.953155040740967
  ],
  "end_xyzrpy": {
    "x": -0.5102506455017365,
    "y": -0.5361530450060874,
    "z": 0.4075359337610875,
    "rx": -0.4178865782010876,
    "ry": -2.7060039884901608,
    "rz": 1.0486730806774252
  },
  "end2base": [
    [
      -0.9379399294894882,
      0.18579256742112132,
      -0.2928306858242865,
      -0.5102506455017365
    ],
    [
      0.33460231033205684,
      0.70677365638977,
      -0.6233075425132323,
      -0.5361530450060874
    ],
    [
      0.09115910590667185,
      -0.6826068564880542,
      -0.7250778557408806,
      0.4075359337610875
    ],
    [
      0.0,
      0.0,
      0.0,
      1.0
    ]
  ],
  "timestamp": "2025-11-18T15:52:05.069674"
}