{
  "success": true,
  "rms_error": 1.0518759556297883,
  "intrinsic_rms_error": 0.3168762249916322,
  "cam2end_matrix": [
    [
      0.9993906946765658,
      -0.031133874993072012,
      0.015777237458027248,
      0.03278846435179097
    ],
    [
      0.025816612637251386,
      0.963583951871902,
      0.2661568526393153,
      -0.08104528239860588
    ],
    [
      -0.02348918699804923,
      -0.26558736702419383,
      0.9638006062310434,
      0.044648537115818766
    ],
    [
      0.0,
      0.0,
      0.0,
      1.0
    ]
  ],
  "target2base_matrix": [
    [
      -0.4961378713496164,
      -0.8681871267675069,
      0.009914661395512368,
      -0.13545184130430094
    ],
    [
      -0.8681318737441635,
      0.49622490274144715,
      0.010387037384015857,
      -0.6458839622690291
    ],
    [
      -0.013937810180081748,
      -0.003453829727746692,
      -0.9998968835695571,
      -0.21355009834307517
    ],
    [
      0.0,
      0.0,
      0.0,
      1.0
    ]
  ],
  "camera_matrix": [
    [
      749.0642160434697,
      0.0,
      637.0448890215524
    ],
    [
      0.0,
      748.2987361895574,
      369.0828227904352
    ],
    [
      0.0,
      0.0,
      1.0
    ]
  ],
  "distortion_coefficients": [
    0.06584460168177965,
    -0.08501230588908557,
    0.00017472605595981046,
    0.0031611614083195522,
    0.02602857405615894
  ],
  "image_count": 21,
  "pose_count": 21,
  "report_html": "/home/a3r/liza_2_4_testing/robot_dc/temp/ur15_cam_calibration_result/ur15_eye_in_hand_calibration_report/calibration_report.html",
  "report_json": "/home/a3r/liza_2_4_testing/robot_dc/temp/ur15_cam_calibration_result/ur15_eye_in_hand_calibration_report/calibration_data.json"
}