{
  "success": true,
  "rms_error": 0.6790780325345261,
  "intrinsic_rms_error": 0.2012125487751924,
  "cam2end_matrix": [
    [
      0.9995147165269135,
      -0.029816085869604488,
      0.009018451615449164,
      0.021226935933620284
    ],
    [
      0.02666049546705475,
      0.9685535534534572,
      0.24737265829944152,
      -0.08364340023578407
    ],
    [
      -0.016110537780439835,
      -0.24701217604826178,
      0.9688784420433388,
      0.04865057354274308
    ],
    [
      0.0,
      0.0,
      0.0,
      1.0
    ]
  ],
  "target2base_matrix": [
    [
      0.8355449649560102,
      -0.5494215328373772,
      -0.0007434243503033545,
      -0.6752120276211483
    ],
    [
      -0.5493626135535585,
      -0.8354339793196054,
      -0.015837303259423004,
      -0.44590268511479836
    ],
    [
      0.00808030045751243,
      0.013641166561234692,
      -0.9998743144233937,
      -0.22304299049598492
    ],
    [
      0.0,
      0.0,
      0.0,
      1.0
    ]
  ],
  "camera_matrix": [
    [
      743.7115347219368,
      0.0,
      622.4393132482293
    ],
    [
      0.0,
      743.2259058405634,
      356.06376174506676
    ],
    [
      0.0,
      0.0,
      1.0
    ]
  ],
  "distortion_coefficients": [
    0.06211780295368226,
    -0.07328107813402537,
    -0.006116793652410654,
    -0.005594969774696828,
    -0.01302013580918376
  ],
  "image_count": 6,
  "pose_count": 6,
  "report_html": "/home/a3r/liza_2_4_testing/robot_dc/temp/ur15_cam_calibration_result/ur15_eye_in_hand_calibration_report/calibration_report.html",
  "report_json": "/home/a3r/liza_2_4_testing/robot_dc/temp/ur15_cam_calibration_result/ur15_eye_in_hand_calibration_report/calibration_data.json"
}