{
  "end_xyzrpy": {
    "x": -0.2451210916042328,
    "y": 0.19983337819576263,
    "z": 0.555079996585846,
    "rx": -3.003103256225586,
    "ry": 0.2991563081741333,
    "rz": 0.47832864522933966
  },
  "end2base": [
    [
      0.8483358000834954,
      0.4197707800308347,
      -0.3226745458337243,
      -0.2451210916042328
    ],
    [
      0.43985221868025,
      -0.8979925971656189,
      -0.01180343838921571,
      0.19983337819576263
    ],
    [
      -0.2947140919921496,
      -0.1319158355469541,
      -0.9464363773192531,
      0.555079996585846
    ],
    [
      0.0,
      0.0,
      0.0,
      1.0
    ]
  ]
}