{
  "end_xyzrpy": {
    "x": -0.24239583313465118,
    "y": 0.2116706818342209,
    "z": 0.5641398429870605,
    "rx": 3.133751392364502,
    "ry": 0.3585403263568879,
    "rz": -0.2160138040781021
  },
  "end2base": [
    [
      0.9146474878748906,
      -0.21164360737197074,
      -0.3444226420877858,
      -0.24239583313465118
    ],
    [
      -0.20070804847392296,
      -0.9773193287073118,
      0.06755152857544376,
      0.2116706818342209
    ],
    [
      -0.3509077545480312,
      0.007342560430033404,
      -0.9363812442613266,
      0.5641398429870605
    ],
    [
      0.0,
      0.0,
      0.0,
      1.0
    ]
  ]
}