{
  "end_xyzrpy": {
    "x": -0.5781509876251221,
    "y": 0.3042815327644348,
    "z": 0.48307672142982483,
    "rx": -2.821190118789673,
    "ry": 0.009608030319213867,
    "rz": -0.07968228310346603
  },
  "end2base": [
    [
      0.9967810359252219,
      -0.07856353357328916,
      0.015979286977840946,
      -0.5781509876251221
    ],
    [
      -0.07959431521052038,
      -0.9458563764432303,
      0.3146751660488173,
      0.3042815327644348
    ],
    [
      -0.009607882493549462,
      -0.31493409839863495,
      -0.9490649094028444,
      0.48307672142982483
    ],
    [
      0.0,
      0.0,
      0.0,
      1.0
    ]
  ]
}