{
  "end_xyzrpy": {
    "x": -0.5686265230178833,
    "y": 0.37535423040390015,
    "z": 0.5477637648582458,
    "rx": 2.6936182975769047,
    "ry": 0.21797704696655276,
    "rz": 0.1134965792298317
  },
  "end2base": [
    [
      0.970055338721753,
      0.19514415081269315,
      -0.14460774606160592,
      -0.5686265230178833
    ],
    [
      0.11057315254660113,
      -0.8849190810094232,
      -0.45242877671667175,
      0.37535423040390015
    ],
    [
      -0.2162549831872808,
      0.4228912158806693,
      -0.8799981828263272,
      0.5477637648582458
    ],
    [
      0.0,
      0.0,
      0.0,
      1.0
    ]
  ]
}