{
  "end_xyzrpy": {
    "x": -0.3693958520889282,
    "y": -0.05252708122134209,
    "z": 0.5396482944488525,
    "rx": -3.070084810256958,
    "ry": 0.08974429965019226,
    "rz": 0.9642076492309571
  },
  "end2base": [
    [
      0.5677739137254175,
      0.8158474635327556,
      -0.10966174875539432,
      -0.3693958520889282
    ],
    [
      0.8182911113309329,
      -0.5738721609071612,
      -0.032716968877510445,
      -0.05252708122134209
    ],
    [
      -0.08962388080031333,
      -0.07115939279472838,
      -0.9934303703870628,
      0.5396482944488525
    ],
    [
      0.0,
      0.0,
      0.0,
      1.0
    ]
  ]
}