{
  "end_xyzrpy": {
    "x": -0.37079134583473206,
    "y": -0.052181024104356766,
    "z": 0.5221971869468689,
    "rx": 3.1336379051208496,
    "ry": 0.09018272161483765,
    "rz": 0.3764166831970215
  },
  "end2base": [
    [
      0.9262085988590558,
      0.3682450099412103,
      -0.08082848540547195,
      -0.37079134583473206
    ],
    [
      0.36609661617365286,
      -0.9296950302092168,
      -0.040502079335320566,
      -0.052181024104356766
    ],
    [
      -0.09006052978828029,
      0.007922339154660814,
      -0.9959047833586165,
      0.5221971869468689
    ],
    [
      0.0,
      0.0,
      0.0,
      1.0
    ]
  ]
}