{
  "end_xyzrpy": {
    "x": -0.3624212443828583,
    "y": -0.04439433664083481,
    "z": 0.5104510188102722,
    "rx": -3.121607303619385,
    "ry": -0.028088102117180824,
    "rz": 0.6272903084754944
  },
  "end2base": [
    [
      0.8093015897005846,
      0.587290268806859,
      0.011003502754751572,
      -0.3624212443828583
    ],
    [
      0.5867215718566665,
      -0.8091298376128357,
      0.03266041951152032,
      -0.04439433664083481
    ],
    [
      0.02808440895139008,
      -0.019976136998764386,
      -0.9994059335047284,
      0.5104510188102722
    ],
    [
      0.0,
      0.0,
      0.0,
      1.0
    ]
  ]
}