{
  "end_xyzrpy": {
    "x": -0.38304853439331055,
    "y": -0.05656037852168083,
    "z": 0.5318359136581421,
    "rx": -3.0803048610687256,
    "ry": 0.21648909151554108,
    "rz": 0.6463465094566346
  },
  "end2base": [
    [
      0.7796555438324757,
      0.5906404175865614,
      -0.20804117401240277,
      -0.38304853439331055
    ],
    [
      0.5882153809771602,
      -0.8047145442598521,
      -0.0802319626991182,
      -0.05656037852168083
    ],
    [
      -0.2148019984850719,
      -0.05981972391971328,
      -0.9748239338860061,
      0.5318359136581421
    ],
    [
      0.0,
      0.0,
      0.0,
      1.0
    ]
  ]
}