{
  "end_xyzrpy": {
    "x": -0.39298391342163086,
    "y": -0.015580981969833374,
    "z": 0.5076156854629517,
    "rx": -2.6796398162841797,
    "ry": 0.16640979051589966,
    "rz": 0.478379487991333
  },
  "end2base": [
    [
      0.8754786421468125,
      0.34655107558968756,
      -0.33680780743979816,
      -0.39298391342163086
    ],
    [
      0.45398194508084727,
      -0.8286777411138228,
      0.3274043294202181,
      -0.015580981969833374
    ],
    [
      -0.16564281054541435,
      -0.4395401612937352,
      -0.8828175949336835,
      0.5076156854629517
    ],
    [
      0.0,
      0.0,
      0.0,
      1.0
    ]
  ]
}