{
  "end_xyzrpy": {
    "x": -0.40321314334869385,
    "y": 0.06404091417789459,
    "z": 0.6272934079170227,
    "rx": 2.8210284709930424,
    "ry": 0.3433258831501007,
    "rz": 0.40237733721733093
  },
  "end2base": [
    [
      0.866433963279279,
      0.46925595212024607,
      -0.17056095296369075,
      -0.40321314334869385
    ],
    [
      0.3687528560730949,
      -0.8317213284257049,
      -0.4150433266295412,
      0.06404091417789459
    ],
    [
      -0.3366207337852147,
      0.2967127958843399,
      -0.8936710795054306,
      0.6272934079170227
    ],
    [
      0.0,
      0.0,
      0.0,
      1.0
    ]
  ]
}