{
  "end_xyzrpy": {
    "x": -0.2715570330619812,
    "y": 0.49354568123817444,
    "z": 0.47641119360923767,
    "rx": -3.0183794498443604,
    "ry": 0.2170526683330536,
    "rz": -0.25271227955818176
  },
  "end2base": [
    [
      0.9455194894383154,
      -0.27376200052279137,
      -0.1762023330210653,
      -0.2715570330619812
    ],
    [
      -0.24416438103122096,
      -0.9542798620727335,
      0.17243462493967202,
      0.49354568123817444
    ],
    [
      -0.21535238593511788,
      -0.12001796495610062,
      -0.9691331373757933,
      0.47641119360923767
    ],
    [
      0.0,
      0.0,
      0.0,
      1.0
    ]
  ]
}