{
  "end_xyzrpy": {
    "x": -0.27141281962394714,
    "y": 0.4933340549468994,
    "z": 0.475771427154541,
    "rx": -3.116153955459595,
    "ry": 0.24532566964626312,
    "rz": -0.6652962565422059
  },
  "end2base": [
    [
      0.763177775595402,
      -0.6219527088903841,
      -0.17531260862005135,
      -0.27141281962394714
    ],
    [
      -0.5988094438181278,
      -0.7826659593629343,
      0.16988597955311713,
      0.4933340549468994
    ],
    [
      -0.24287225619958874,
      -0.024674358318115815,
      -0.9697444215926744,
      0.475771427154541
    ],
    [
      0.0,
      0.0,
      0.0,
      1.0
    ]
  ]
}