{
  "end_xyzrpy": {
    "x": -0.23204700648784637,
    "y": 0.20634861290454865,
    "z": 0.5505809187889099,
    "rx": -3.110956907272339,
    "ry": 0.24129432439804077,
    "rz": 0.1053009405732155
  },
  "end2base": [
    [
      0.96565094226888,
      0.09777810831336446,
      -0.2407440533634922,
      -0.23204700648784637
    ],
    [
      0.10206146059519411,
      -0.994763671512746,
      0.005356874056476827,
      0.20634861290454865
    ],
    [
      -0.23895965340701275,
      -0.029743560196137935,
      -0.970573853279831,
      0.5505809187889099
    ],
    [
      0.0,
      0.0,
      0.0,
      1.0
    ]
  ]
}