{
  "end_xyzrpy": {
    "x": -0.2227344810962677,
    "y": 0.4653119444847107,
    "z": 0.5241961479187012,
    "rx": -3.0541999340057373,
    "ry": 0.1995005011558533,
    "rz": -0.6601769924163818
  },
  "end2base": [
    [
      0.7742169044132349,
      -0.6245792437229506,
      -0.10241559076261346,
      -0.2227344810962677
    ],
    [
      -0.6010931426142571,
      -0.7762614932697535,
      0.19001349417535823,
      0.4653119444847107
    ],
    [
      -0.1981797639086908,
      -0.08555034995299307,
      -0.9764250707555681,
      0.5241961479187012
    ],
    [
      0.0,
      0.0,
      0.0,
      1.0
    ]
  ]
}