{
  "end_xyzrpy": {
    "x": -0.3595739006996155,
    "y": 0.28599581122398376,
    "z": 0.3834044635295868,
    "rx": -3.1394407749176025,
    "ry": 0.015628481283783913,
    "rz": -0.04234396293759347
  },
  "end2base": [
    [
      0.998981615586084,
      -0.042364811252409276,
      -0.015522708802434913,
      -0.3595739006996155
    ],
    [
      -0.04232614061144523,
      -0.9990998915643011,
      0.002811493756298188,
      0.28599581122398376
    ],
    [
      -0.015627845083619845,
      -0.0021516142194345734,
      -0.9998755627648338,
      0.3834044635295868
    ],
    [
      0.0,
      0.0,
      0.0,
      1.0
    ]
  ]
}