{
  "end_xyzrpy": {
    "x": -0.2355310320854187,
    "y": 0.48259156942367554,
    "z": 0.5093100666999817,
    "rx": -2.7990119457244873,
    "ry": 0.20233304798603058,
    "rz": -0.8442335724830627
  },
  "end2base": [
    [
      0.6507528139516444,
      -0.7488715000862288,
      0.12534852010541636,
      -0.2355310320854187
    ],
    [
      -0.7322142653097858,
      -0.5752450071641128,
      0.3646305683971252,
      0.48259156942367554
    ],
    [
      -0.20095533038679825,
      -0.32906634299387305,
      -0.9226767023707554,
      0.5093100666999817
    ],
    [
      0.0,
      0.0,
      0.0,
      1.0
    ]
  ]
}