{
  "end_xyzrpy": {
    "x": -0.12659509479999542,
    "y": 0.5052012205123901,
    "z": 0.484971821308136,
    "rx": 2.633622407913208,
    "ry": 0.3745518922805786,
    "rz": -0.4117628037929535
  },
  "end2base": [
    [
      0.8528830758625244,
      -0.18661047488001464,
      -0.4876135658206556,
      -0.12659509479999542
    ],
    [
      -0.37247844765841465,
      -0.8719257410872171,
      -0.3178133226588915,
      0.5052012205123901
    ],
    [
      -0.3658555246777847,
      0.45268314823346634,
      -0.8131590879822843,
      0.484971821308136
    ],
    [
      0.0,
      0.0,
      0.0,
      1.0
    ]
  ]
}