{
  "end_xyzrpy": {
    "x": -0.2616819441318512,
    "y": 0.23737940192222595,
    "z": 0.5245571136474609,
    "rx": 3.081043004989624,
    "ry": 0.42898261547088623,
    "rz": 0.08500421047210693
  },
  "end2base": [
    [
      0.9061058802792264,
      0.10982539525054123,
      -0.4085468348689906,
      -0.2616819441318512
    ],
    [
      0.07720886771178964,
      -0.9924263847451144,
      -0.09554402968477668,
      0.23737940192222595
    ],
    [
      -0.4159458191520517,
      0.05502956859547886,
      -0.9077228773750963,
      0.5245571136474609
    ],
    [
      0.0,
      0.0,
      0.0,
      1.0
    ]
  ]
}