{
  "end_xyzrpy": {
    "x": -0.2342381626367569,
    "y": 0.23256796598434448,
    "z": 0.5420657992362976,
    "rx": -2.741207361221314,
    "ry": 0.3669132888317108,
    "rz": -0.060108914971351624
  },
  "end2base": [
    [
      0.9317533165332647,
      -0.19489473390830617,
      -0.3063524111608596,
      -0.2342381626367569
    ],
    [
      -0.056074230741877104,
      -0.9108480167027575,
      0.40891511480423404,
      0.23256796598434448
    ],
    [
      -0.3587358886088323,
      -0.36382953860766126,
      -0.8596142327000919,
      0.5420657992362976
    ],
    [
      0.0,
      0.0,
      0.0,
      1.0
    ]
  ]
}