{
  "end_xyzrpy": {
    "x": -0.26983731985092163,
    "y": 0.28825050592422485,
    "z": 0.5344244837760925,
    "rx": 2.509094715118408,
    "ry": 0.34759500622749334,
    "rz": 0.1530137658119202
  },
  "end2base": [
    [
      0.9292096317753944,
      0.32195175045439217,
      -0.18142913381039108,
      -0.26983731985092163
    ],
    [
      0.14330200129409026,
      -0.7664371872951872,
      -0.6261298382573303,
      0.28825050592422485
    ],
    [
      -0.3406376324497113,
      0.5558067184825988,
      -0.7583171467457798,
      0.5344244837760925
    ],
    [
      0.0,
      0.0,
      0.0,
      1.0
    ]
  ]
}