{
  "end_xyzrpy": {
    "x": -0.5330468416213989,
    "y": 0.30738505721092224,
    "z": 0.5498204231262207,
    "rx": 3.122480630874634,
    "ry": 0.07384225726127625,
    "rz": 0.39546236395835876
  },
  "end2base": [
    [
      0.9203037706431988,
      0.3864656410915899,
      -0.06070649055559764,
      -0.5330468416213989
    ],
    [
      0.38418510401800604,
      -0.9221068653646071,
      -0.04605143535365968,
      0.30738505721092224
    ],
    [
      -0.07377516920064826,
      0.019058780210834132,
      -0.9970927676531862,
      0.5498204231262207
    ],
    [
      0.0,
      0.0,
      0.0,
      1.0
    ]
  ]
}