{
  "end_xyzrpy": {
    "x": -0.534748375415802,
    "y": 0.3248754143714905,
    "z": 0.5441287755966187,
    "rx": -3.1234543323516846,
    "ry": 0.05411114916205407,
    "rz": -0.5605283975601196
  },
  "end2base": [
    [
      0.8457346404140049,
      -0.5323772020173211,
      -0.036158439900008096,
      -0.534748375415802
    ],
    [
      -0.5308556848945394,
      -0.8463134847215725,
      0.04411040006141632,
      0.3248754143714905
    ],
    [
      -0.054084746638432886,
      -0.01811077995662299,
      -0.998372094877666,
      0.5441287755966187
    ],
    [
      0.0,
      0.0,
      0.0,
      1.0
    ]
  ]
}