{
  "end_xyzrpy": {
    "x": -0.5215631127357483,
    "y": 0.32418009638786316,
    "z": 0.5232347846031189,
    "rx": 3.1123499870300293,
    "ry": -0.15382353961467743,
    "rz": 0.025781240314245224
  },
  "end2base": [
    [
      0.9878640751541181,
      0.02128899822922037,
      0.15385495628771562,
      -0.5215631127357483
    ],
    [
      0.025474005325145148,
      -0.9993557713944731,
      -0.025280768051071625,
      0.32418009638786316
    ],
    [
      0.15321763629750038,
      0.02889326452573089,
      -0.9877699809127898,
      0.5232347846031189
    ],
    [
      0.0,
      0.0,
      0.0,
      1.0
    ]
  ]
}