{
  "end_xyzrpy": {
    "x": -0.5564417839050293,
    "y": 0.3247494697570801,
    "z": 0.5528766512870789,
    "rx": 3.1414947509765625,
    "ry": 0.19993151724338531,
    "rz": 0.02856193296611309
  },
  "end2base": [
    [
      0.9796804412702623,
      0.02857748533812503,
      -0.19851841306098883,
      -0.5564417839050293
    ],
    [
      0.027989178547218253,
      -0.9995915756572201,
      -0.0057695545207420715,
      0.3247494697570801
    ],
    [
      -0.19860221266832873,
      9.595241073898852e-05,
      -0.9800801762694615,
      0.5528766512870789
    ],
    [
      0.0,
      0.0,
      0.0,
      1.0
    ]
  ]
}